url,listing_id,listingName,description,shortDescription,price,streetAddress,addressLocality,addressRegion,living,plot,bedrooms,brokerPhone,brokerName,Asking price per m²,offeredSince,status,acceptance,typeOfHouse,typeOfConstruction,constructionYear,specifically,typeOfRoof,numberOfRooms,numberOfBathroom,numberOfFloors,energyLabel,imageLinks
https://www.funda.nl/koop/langweer/huis-43441942-stevenshoek-4/,43441942,Stevenshoek 4,"Verbeeld je: je staat precies tussen de haven en het levendige centrum van het pittoreske Langweer, een dorp dat wordt gekust door de kabbelende Friese wateren. Daar, in het kloppend hart van dit watersportparadijs, ontvouwt zich een halfvrijstaande woning van karakter en met een schat aan ruimte.

Langweer gonst van de activiteiten - denk haast zichtbare energie van het Skûtsjesilen, flarden van gelach die van de bruisende terrassen af waaien en het ritmisch kabbelen van het water tegen de vele boten. En midden in deze bron van gezelligheid, ligt deze woning te wachten. Als golfliefhebber? Het groen van een 18-holes golfbaan strekt zich uit aan de rand van de Vegilinsbossen, slechts op een boogscheut verwijderd.

Springen we binnen, dan lonkt eerst een tochtportaal dat je naar een royale woonkamer leidt, versierd met een rustieke schouw en ensuite-deuren naar de achterkamer. Deuren uit zowel de voorkamer als de achterkamer bieden je toegang tot een tuin, genesteld aan de zijkant van de woning. 

Verder is er een eenvoudige, wat oudere keuken die u richting een kelder leidt - de ideale plek om jouw gerijpte wijnen te schenken. De riante bijkeuken, bereikbaar via de achterkamer is de perfecte plek voor DIY avonturen, uitgerust met een pantry en een vide.

Op de eerste verdieping vind je een doolhof van drie slaapkamers, waarvan één met dakkapel en wastafel. Een ruime, moderne badkamer verbergt luxe in de vorm van een toilet, dubbele wastafel, inloopdouche en ligbad - de perfecte plek om te ontspannen na een dag van zeilen en golfen.

Dit huis, oorspronkelijk gebouwd in 1867, ademt historie uit elke steen en elk houten kozijn. Er is echter wat liefde nodig om het tot bloei te brengen - een kans voor de doe-het-zelver om hun stempel te drukken.

Met een perceelgrootte van 224 m² en een inhoud van maar liefst 710 m³, is dit project niet voor angsthazen. Maar, voor wie de uitdaging durft aan te gaan, wacht een uniek stukje Langweer om omgetoverd te worden naar jouw droomhuis.

""Wacht niet tot het perfect is. Laat het avontuur beginnen,"" zo luidt het gezegde. Dus, bel ons vandaag nog om een afspraak te maken om jouw toekomstige woning te bezichtigen!",Huis te koop: Stevenshoek 4 8525 EK Langweer [funda],325000,Stevenshoek 4,Langweer,Friesland,183 m²,224 m²,3,tel:0513-414055,A7 Makelaars,"€ 1.776
    ","
         
             
         
","
     Beschikbaar 
","
     In overleg 
","
    ","
    ","
    ","
    ","
    ","
    ","
    ","
    ","
        ","https://cloud.funda.nl/valentina_media/188/804/218_1440.jpg,https://cloud.funda.nl/valentina_media/188/804/216_1440.jpg,https://cloud.funda.nl/valentina_media/188/804/224_1440.jpg,https://cloud.funda.nl/valentina_media/188/804/284_1440.jpg,https://cloud.funda.nl/valentina_media/188/804/229_1440.jpg,https://cloud.funda.nl/valentina_media/188/804/322_1440.jpg,https://cloud.funda.nl/valentina_media/188/804/254_1440.jpg,https://cloud.funda.nl/valentina_media/188/804/244_1440.jpg,https://cloud.funda.nl/valentina_media/188/804/262_1440.jpg,https://cloud.funda.nl/valentina_media/188/804/260_1440.jpg,https://cloud.funda.nl/valentina_media/188/804/270_1440.jpg,https://cloud.funda.nl/valentina_media/188/804/294_1440.jpg,https://cloud.funda.nl/valentina_media/188/804/274_1440.jpg,https://cloud.funda.nl/valentina_media/188/804/302_1440.jpg,https://cloud.funda.nl/valentina_media/188/804/304_1440.jpg,https://cloud.funda.nl/valentina_media/188/804/306_1440.jpg,https://cloud.funda.nl/valentina_media/188/804/319_1440.jpg,https://cloud.funda.nl/valentina_media/188/804/310_1440.jpg,https://cloud.funda.nl/valentina_media/188/804/311_1440.jpg,https://cloud.funda.nl/valentina_media/188/804/352_1440.jpg,https://cloud.funda.nl/valentina_media/188/804/363_1440.jpg,https://cloud.funda.nl/valentina_media/188/804/367_1440.jpg,https://cloud.funda.nl/valentina_media/188/804/371_1440.jpg,https://cloud.funda.nl/valentina_media/188/804/381_1440.jpg,https://cloud.funda.nl/valentina_media/188/804/383_1440.jpg,https://cloud.funda.nl/valentina_media/188/804/370_1440.jpg,https://cloud.funda.nl/valentina_media/188/804/376_1440.jpg,https://cloud.funda.nl/valentina_media/188/804/375_1440.jpg,https://cloud.funda.nl/valentina_media/188/804/378_1440.jpg,https://cloud.funda.nl/valentina_media/188/804/373_1440.jpg,https://cloud.funda.nl/valentina_media/188/804/380_1440.jpg"
https://www.funda.nl/koop/beverwijk/huis-43441847-reggestraat-33/,43441847,Reggestraat 33,"Welkom in de levendige en kindvriendelijke wijk 'Zwaansmeer'! Voel de spanning in de lucht terwijl je je eerste stappen zet in jouw potentiële nieuwe thuis. Deze rijtjeshoekwoning zal naar verwachting je hart sneller doen kloppen, of je nu een levenslustige starter bent of een onstuimig jong gezin dat eindelijk die broodnodige ruimte van eigen vier muren zoekt.

Hier ontvouwt zich het canvas van je toekomst, klaar om de afdruk van jouw leven te ontvangen. Een solide basis, te vormen en vorm te geven naar jouw eigen meesterwerk. Stel je voor: de ochtendzon die door de ramen van je lichtrijke woning blakt, het knisperen van ontbijtgranen in de lucht en het getjilp van vogels in je zonnige achtertuin. 

Oh de achtertuin, een op het zuidwesten gelegen paradijs. Tuinliefhebbers, zonaanbidders, en buitenspelende kinderen, dit is de oase waar jullie hart naar hunkert! Met drie slaapkamers, er is voldoende ruimte voor iedereen - of dat nu een riant speelparadijs voor de kleintjes betekent of een rustgevend sanctuarium om in te telewerken.

En dan hebben we het nog niet eens gehad over de geweldige locatie. Het bruisende hart van Zwaansmeer, waar tijdloze burenchap en moderne gemakken samenkomen. Een buurt die klaarstaat om je met open armen te verwelkomen en te laten floreren.

Maar voordat je denkt: ""Dit is het. Ik ben er klaar voor"", moeten we nog iets verklappen: er is meer. Ja, je hebt de kans om een stempel te drukken op dit huis met een persoonlijke touch! Transformeer dit huis tot een huis van je dromen. Voeg jouw eigen stijl toe, maak het volledig van jou. 

Samenvattend biedt dit huis een zonnige achtertuin, drie uitnodigende slaapkamers, overvloedige lichtinval dankzij zijn eindwoning-status, en de geuren en geluiden van een welvarende gemeenschap. Plus, de opwindende vrijheid om aan je eigen woonverhaal te klussen.

Sta je te trappelen om deze woning te zien? Aarzel dan niet, plan een bezichtiging en zet je volgende stap naar het creëren van jouw nieuwe thuis. Voordat je het weet, is deze kans verloren in het woelige tij van de vastgoedmarkt. Druk je persoonlijke stempel op Zwaansmeer, en begin met het bouwen aan je toekomst.

Belangrijk om te weten: Gebouwd rond 1966, gratis parkeren, leveringsakte bij projectnotaris Batenburg in Beverwijk, voorkeur aan voormalige huurders van Pré Wonen, zelfbewoningsplicht van drie jaar, verkoop alleen aan een natuurlijk persoon voor eigen gebruik, oplevering zo snel mogelijk. Voel je de opwinding al? Kom en maak dit jouw thuis!",Huis te koop: Reggestraat 33 1946 AK Beverwijk [funda],325000,Reggestraat 33,Beverwijk,Noord-Holland,81 m²,138 m²,3,tel:023 517 26 10,Hoekstra en Van Eck Haarlem,"€ 4.012
    ","
         
             
         
","
     Beschikbaar 
","
     In overleg 
","
    ","
    ","
    ","
    ","
    ","
    ","
    ","
    ","
        ","https://cloud.funda.nl/valentina_media/188/803/137_1440.jpg,https://cloud.funda.nl/valentina_media/188/803/121_1440.jpg,https://cloud.funda.nl/valentina_media/188/803/095_1440.jpg,https://cloud.funda.nl/valentina_media/188/803/078_1440.jpg,https://cloud.funda.nl/valentina_media/188/803/113_1440.jpg,https://cloud.funda.nl/valentina_media/188/803/135_1440.jpg,https://cloud.funda.nl/valentina_media/188/803/132_1440.jpg,https://cloud.funda.nl/valentina_media/188/803/129_1440.jpg,https://cloud.funda.nl/valentina_media/188/803/124_1440.jpg,https://cloud.funda.nl/valentina_media/188/803/119_1440.jpg,https://cloud.funda.nl/valentina_media/188/803/118_1440.jpg,https://cloud.funda.nl/valentina_media/188/803/117_1440.jpg,https://cloud.funda.nl/valentina_media/188/803/116_1440.jpg,https://cloud.funda.nl/valentina_media/188/803/115_1440.jpg,https://cloud.funda.nl/valentina_media/188/803/114_1440.jpg,https://cloud.funda.nl/valentina_media/188/803/093_1440.jpg,https://cloud.funda.nl/valentina_media/188/803/097_1440.jpg,https://cloud.funda.nl/valentina_media/188/803/088_1440.jpg,https://cloud.funda.nl/valentina_media/188/803/087_1440.jpg,https://cloud.funda.nl/valentina_media/188/803/086_1440.jpg,https://cloud.funda.nl/valentina_media/188/803/091_1440.jpg,https://cloud.funda.nl/valentina_media/188/803/090_1440.jpg,https://cloud.funda.nl/valentina_media/188/803/089_1440.jpg,https://cloud.funda.nl/valentina_media/188/803/079_1440.jpg,https://cloud.funda.nl/valentina_media/188/803/101_1440.jpg,https://cloud.funda.nl/valentina_media/188/803/102_1440.jpg,https://cloud.funda.nl/valentina_media/188/803/103_1440.jpg,https://cloud.funda.nl/valentina_media/188/803/104_1440.jpg,https://cloud.funda.nl/valentina_media/188/803/109_1440.jpg,https://cloud.funda.nl/valentina_media/188/803/108_1440.jpg,https://cloud.funda.nl/valentina_media/188/803/105_1440.jpg,https://cloud.funda.nl/valentina_media/188/803/106_1440.jpg,https://cloud.funda.nl/valentina_media/188/803/107_1440.jpg,https://cloud.funda.nl/valentina_media/188/803/111_1440.jpg,https://cloud.funda.nl/valentina_media/188/803/110_1440.jpg,https://cloud.funda.nl/valentina_media/188/803/099_1440.jpg,https://cloud.funda.nl/valentina_media/188/803/100_1440.jpg,https://cloud.funda.nl/valentina_media/188/803/080_1440.jpg,https://cloud.funda.nl/valentina_media/188/803/081_1440.jpg,https://cloud.funda.nl/valentina_media/188/803/082_1440.jpg,https://cloud.funda.nl/valentina_media/188/803/083_1440.jpg,https://cloud.funda.nl/valentina_media/188/803/084_1440.jpg,https://cloud.funda.nl/valentina_media/188/803/085_1440.jpg,https://cloud.funda.nl/valentina_media/188/803/098_1440.jpg,https://cloud.funda.nl/valentina_media/188/803/112_1440.jpg,https://cloud.funda.nl/valentina_media/188/803/136_1440.jpg,https://cloud.funda.nl/valentina_media/188/803/072_1440.jpg,https://cloud.funda.nl/valentina_media/188/803/076_1440.jpg,https://cloud.funda.nl/valentina_media/188/803/077_1440.jpg,https://cloud.funda.nl/valentina_media/188/803/074_1440.jpg,https://cloud.funda.nl/valentina_media/188/803/075_1440.jpg"
https://www.funda.nl/detail/koop/rhoon/huis-fazantenlaan-16/89805269/,89805269,Fazantenlaan 16,"Maak je klaar voor een ongekende ontdekkingsreis in het schilderachtige Rhoon, aan de verborgen parel genaamd de Tijsjesdijk. Voor jou ligt een unieke opportuniteit in de vorm van een royale eengezinshoekwoning met maar liefst zes kamers. Een woning die al je DIY-dromen kan laten uitkomen, verkrijgbaar met een ruime garage die eveneens de mogelijkheid heeft om te transformeren naar een sfeervolle praktijkruimte. Sta je al te trappelen om je eigen stempel te drukken?

Met 186 m² eigen grond gelegen in het geliefde Rhoon, biedt deze unieke hoekwoning aan de Fazantenlaan volop kansen om eindeloze verbeeldingen om te zetten in realiteit. Deze charmante woning wacht op jouw ervaren handen en creatieve ideeën voor de nodige renovaties en moderniseringen. En dat is niet alles! De woning biedt aanzienlijk meer woonoppervlak dan vergelijkbare woningen in de wijk.

Beeld je in, wakker worden in een serene sfeer op een steenworp afstand van de Tijsjesdijk. Het huis ligt in een rustgevende, kindvriendelijke wijk met de nodige voorzieningen binnen handbereik. Alles, van de dorpskern, metrostation, scholen tot recreatiegebieden en een golfcentrum, ligt in de directe nabijheid. Voor de forenzers zijn ook uitvals- en snelwegen vlot bereikbaar.

Je betreedt het pand, dat in 1963 gebouwd is, via een ruime, lichte hal. De entree leidt naar een toiletruimte, trapopgang en trapkast. De woonkamer vangt het licht van zonsopgang tot zonsondergang door de grote ramen. De gesloten keuken is voorzien van diverse inbouwapparaten en leidt naar de tuin. Ook vindt men op de eerste verdieping drie slaapkamers, een overloop en de badkamer. De hoofdslaapkamer heeft een airco en rolluiken en één van de andere slaapkamers biedt toegang tot een gevelbreed balkon.

Maar dat is nog niet alles! Via de vaste trap kom je op de tweede - verrassend ruime - verdieping. Deze biedt ruimte aan twee slaapkamers en ruime berging.

En dan de tuin... Een groene oase van rust op het zuidwesten, biedt volop zon en privacy, met als extra bonus een ruim vrijstaand stenen tuinhuis. Symbolisch kan dit de representatie zijn van een thuis dat evenzeer ruimte biedt voor je ambities en dromen.

Laat deze royale eengezinswoning jouw blanco canvas zijn. Het enige wat het nodig heeft, ben jij, met je passie voor klussen en ongebreidelde fantasieën. Het is tijd om van dit huis je droomhuis te maken. Durf jij de uitdaging aan?",Huis te koop: Fazantenlaan 16 3161 TA Rhoon [funda],399000,Fazantenlaan 16,Rhoon,Zuid-Holland,132 m²,186 m²,5,,,€ 3.023,Log in om te bekijken,Beschikbaar,In overleg,"Eengezinswoning, hoekwoning",Bestaande bouw,1963,Kluswoning,Zadeldak bedekt met pannen,6 kamers (5 slaapkamers),1 badkamer en 1 apart toilet,3 woonlagen,E,
https://www.funda.nl/detail/koop/dongen/huis-gerardus-majellastraat-55/43441553/,43441553,Gerardus Majellastraat 55,"Stap het podium van verborgen potentie op, gevestigd in het levendige hart van Dongen, Gerardus Majellastraat 55. Een karaktervolle vrijstaande woning vol mogelijkheden die smeekt om je handige handen en fantasierijke geest. Ben jij de dappere avonturier die de koers van deze woning zal veranderen door een frisse en verjongende wind doorheen de vertrekken te blazen?

Laat je niet beperken door de huidige staat van de woning, maar neem de touwtjes in handen en laat haar uitbundige charme doorschemeren. Houd hierbij wel in je achterhoofd dat een renovatie en modernisatie cruciaal zijn om haar weer op te laten bloeien.

Open de deur naar drie speels vormgegeven slaapvertrekken waar het avontuur in elk hoekje schuilt. Elk compleet met ingebouwde kasten. Trakteer jezelf op het aanlokkelijke rustpunt van je toekomstige heiligdom met een flinke berging, aangevuld met water en elektriciteit. En, haar de kuipstoel biedt je het gehele centrum van Dongen op een presenteerblaadje, met alle gemakken die je nodig hebt op een steenworp afstand.

Steek je sleutel in het slot en stap een hal binnen vol belofte. Afgeschermde gebieden leiden naar een woonkamer die aantrekt met een betegelde vloer en een warme gaskachel. Laat je betoveren door de knusse eethoek die je naar de tuin leidt, een hoek van rust en vernieuwing.

De keuken, een culinair podium, uitgerust met apparatuur om je smaakpupillen te dansen. Achter de keuken wacht een bijkeuken die de deur opent naar een praktische wasruimte, een halfhoog betegeld toilet en de toegang tot de badkamer en de ansichtkaart-waardige tuin. De badkamer, je toekomstige wellness-oase, is compleet met een douchecabine, wastafelmeubel, en mechanische ventilatie.

Een trap omhoog ontvouwt de verdieping met drie boeiende slaapkamers en een overloop vol bergruimte. Extra comfort schuilt in de vorm van een zonnescherm in de slaapkamer aan de achterzijde. 

De tuin, een betoverend buiten waar je op adem kan komen, compleet met bestrating, een terras, en een berging die via de tuin bereikbaar is. En als kers op de taart? Het kenmerkt zich door duurzaamheid. Dubbelglas, gasverwarming, en een geiser voor warm water bieden jou efficiëntie en comfort.

Ga je gang, ga op avontuur. Neem de uitnodiging aan, maak je bod, en zet stappen naar je spannende nieuwe project. Jouw klusvastgoedavontuur wacht! Neem vandaag nog contact op, het kan immers zomaar zijn dat deze woning je volgende thuis wordt...",Huis te koop: Gerardus Majellastraat 55 5101 BE Dongen [funda],295000,Gerardus Majellastraat 55,Dongen,Noord-Brabant,105 m²,175 m²,3,,,€ 2.810,Log in om te bekijken,Beschikbaar,In overleg,"Eengezinswoning, vrijstaande woning",Bestaande bouw,1850,Kluswoning,Zadeldak,6 kamers (3 slaapkamers),1 badkamer en 1 apart toilet,2 woonlagen,G,
https://www.funda.nl/koop/kerkrade/huis-43440270-caecilia-gracht-5/,43440270,Caecilia-Gracht 5,"Stap op dinsdag 23 april tussen 16:30 en 17:30 uur binnen in een wereld vol onbegrensde mogelijkheden tijdens ons open huis. Geen aanmelding nodig, we verwelkomen je met open armen. Wat op tafel ligt? Een kans om je creativiteit de vrije loop te laten: een ruime eengezinswoning om volledig naar jouw eigen smaak en stijl te renoveren. Deze verborgen parel in de vorm van klusvastgoed, diep genesteld tussen andere woningen, biedt een voortuin, een achtertuin en een berging die vraagt om ontdekt te worden.

Stel je voor, vijf slaapkamers die je naar eigen wens kunt vormgeven. Hoewel het huidige energielabel een C is, zie jij misschien al kansen voor optimalisatie om het efficiënter te maken?

Laat ons je meenemen op een rondleiding. De begane grond verwelkomt je met een voortuin en een pad dat naar de entree leidt. Vervolgens treft je de ontvangsthal met de meterkast en een half open keuken voorzien van een simpel keukenblok. De woonkamer biedt ruimte voor gezellige avonden en heeft een gemakkelijke doorgang naar de bovenverdieping. Vanuit hier bereik je een gang die je naar een half betegeld gastentoilet leidt, uitgerust met een duo closet toilet en wastafel - en vergeet de extra ruimte niet die als slaap- of werkkamer kan dienen. De achtertuin wacht op je met een terras, gazon en achteruitgang, met daarbij een stenen berging.

Wat de eerste verdieping betreft, laat je verrassen door de vier slaapkamers en een volledig betegelde badkamer, compleet met douche, vaste wastafel en toilet. Extra opbergruimte en technische gemakken zoals een CV combi installatie en een ventilatiebox bevinden zich op de overloop.

Afgerond met kunststof kozijnen en isolatieglas, bevindt deze woning zich in een rustig woonerf en staat te popelen om volledig gemoderniseerd te worden.

Het is belangrijk om te weten dat deze beschrijving een algemeen overzicht van het object is. Hoewel de informatie met de grootste zorg is samengesteld, kunnen wij de volledige juistheid van de verstrekte gegevens niet garanderen. Er kunnen geen rechten aan deze brochure worden ontleend.

Belangrijke aspecten: de ontbindende voorwaarden (bijvoorbeeld voor financiering) zijn meestal 4 weken na het sluiten van de mondelinge overeenkomst. Een waarborgsom of bankgarantie van 10% van de koopsom dient binnen 7 dagen na de definitieve overeenkomst bij de notaris te worden gedeponeerd.

We raden aan om altijd een bouwkundige keuring te laten uitvoeren of andere adviseurs te raadplegen om een goed beeld te krijgen van de staat van onderhoud. Het huis wacht op jou. Maak het tot jouw droomproject.",Huis te koop: Caecilia-Gracht 5 6465 EH Kerkrade [funda],175000,Caecilia-Gracht 5,Kerkrade,Limburg,122 m²,164 m²,5,tel:045-5743233,Boek en Offermans Makelaars Heerlen,"€ 1.434
    ","
         
             
         
","
     Beschikbaar 
","
     In overleg 
","
    ","
    ","
    ","
    ","
    ","
    ","
    ","
    ","
        ","https://cloud.funda.nl/valentina_media/188/768/974_1440.jpg,https://cloud.funda.nl/valentina_media/188/768/977_1440.jpg,https://cloud.funda.nl/valentina_media/188/768/979_1440.jpg,https://cloud.funda.nl/valentina_media/188/768/985_1440.jpg,https://cloud.funda.nl/valentina_media/188/768/976_1440.jpg,https://cloud.funda.nl/valentina_media/188/768/982_1440.jpg,https://cloud.funda.nl/valentina_media/188/768/994_1440.jpg,https://cloud.funda.nl/valentina_media/188/768/983_1440.jpg,https://cloud.funda.nl/valentina_media/188/768/998_1440.jpg,https://cloud.funda.nl/valentina_media/188/768/997_1440.jpg,https://cloud.funda.nl/valentina_media/188/768/989_1440.jpg,https://cloud.funda.nl/valentina_media/188/768/999_1440.jpg,https://cloud.funda.nl/valentina_media/188/768/992_1440.jpg,https://cloud.funda.nl/valentina_media/188/768/991_1440.jpg,https://cloud.funda.nl/valentina_media/188/769/000_1440.jpg,https://cloud.funda.nl/valentina_media/188/769/001_1440.jpg,https://cloud.funda.nl/valentina_media/188/769/003_1440.jpg,https://cloud.funda.nl/valentina_media/188/769/005_1440.jpg,https://cloud.funda.nl/valentina_media/188/769/014_1440.jpg,https://cloud.funda.nl/valentina_media/188/769/008_1440.jpg,https://cloud.funda.nl/valentina_media/188/769/015_1440.jpg,https://cloud.funda.nl/valentina_media/188/769/018_1440.jpg,https://cloud.funda.nl/valentina_media/188/769/019_1440.jpg,https://cloud.funda.nl/valentina_media/188/769/032_1440.jpg"
https://www.funda.nl/detail/koop/hoeven/huis-st-bernardusstraat-29/89803529/,89803529,St. Bernardusstraat 29,"Stel het je eens voor: een riante, vrijstaande woning met panoramisch uitzicht over de idyllische polder, omgeven door rust en privacy. Gelegen in de luwte van een zonnige achtertuin op een royaal perceel van meer dan 650 m². Hier kun je ruim en comfortabel wonen met bijna 170 m² aan woonoppervlakte en genieten van een riante bergzolder: jouw nieuwe droomhuis!

Bij binnenkomst word je verwelkomd door een gezellige entree die centraal in de woning ligt. Een ideaal startpunt voor jouw verkenningstocht door je nieuwe woning. Ondanks dat je wellicht sommige ruimtes moderner wilt maken, zie je meteen de potentie. Vanuit de entree kom je eerst in een portaal met meterkast, waarna je verder wordt geleid naar de eetkamer mét trapopgang. De keuken voegt zich naadloos samen met de eetkamer, waardoor er een warme en uitnodigende sfeer ontstaat.

Vanuit de keuken stap je vervolgens in de ruime wasruimte, uitgerust met een douche, wastafel en toilet. De blikvanger op de begane grond is echter de sfeervolle doorzon-woonkamer die je verrast met een adembenemend uitzicht over de polder én de achtertuin. Een knisperend haardvuur maakt het plaatje compleet voor de koude winteravonden.

De eerste verdieping herbergt een overloop, wasruimte, badkamer en vier ruime slaapkamers, terwijl de tweede verdieping biedt veel bergruimte via een vlizotrap. Hier kan je al je spullen kwijt en zijn de mogelijkheden eindeloos.

Buiten vind je zowel een voor- als een achtertuin met volwassen beplanting en bestrating. Bij de woning hoort ook een vrijstaande stenen garage van ongeveer 35 m², ideaal voor het bergen van gereedschap of het stallen van een auto.

Deze woning, gebouwd in 1968 op traditionele wijze, is omringd door kunststof kozijnen met dubbele beglazing en houten vloeren. De CV ketel zorgt voor een comfortabele warmte zelfs in de koudste maanden.

Specifieke kenmerken? Een heerlijk vrije ligging tussen Hoeven en Oudenbosch, een zonnige tuin, prachtige vergezichten over de polder, een vrijstaande garage, en vier ruime slaapkamers biedt unieke kansen. Dit in combinatie met de nabijheid van talrijke voorzieningen, zoals sportgelegenheden, horeca, winkels, scholen en uitvalswegen naar nabijgelegen steden, maakt deze woning een droom voor elke klusser en investeerder in vastgoed. Pak je kans en geef deze woning de liefde en aandacht die het verdient!
",Huis te koop: St. Bernardusstraat 29 4741 RP Hoeven [funda],470000,St. Bernardusstraat 29,Hoeven,Noord-Brabant,168 m²,655 m²,4,,,€ 2.798,Log in om te bekijken,Beschikbaar,In overleg,"Eengezinswoning, vrijstaande woning",Bestaande bouw,1968,Kluswoning,Zadeldak bedekt met pannen,6 kamers (4 slaapkamers),2 badkamers,2 woonlagen en een zolder,E,
