url,listing_id,listingName,description,shortDescription,price,streetAddress,addressLocality,addressRegion,living,plot,bedrooms,brokerPhone,brokerName,Asking price per m²,offeredSince,status,acceptance,typeOfHouse,typeOfConstruction,constructionYear,specifically,typeOfRoof,numberOfRooms,numberOfBathroom,numberOfFloors,energyLabel,imageLinks,imageLocations
https://www.funda.nl/koop/ridderkerk/appartement-43557752-prinses-margrietstraat-6/,43557752,Prinses Margrietstraat 6,"Jouw bouwmeestersbloed stroomt sneller, want hier wacht de parel van Slikkerveer! Een ruwe diamant van een 3-kamer appartement, schreeuwend om een meesterhand. Gezocht: Een enthousiaste opknapper, iemand die de uitdaging ziet in 'werken met woonpotential'. Waar? In het groene hart van Ridderkerk, waar speelse kids lachen in de straten en rust diep ademhaalt.

Een canvas van mogelijkheden, verborgen achter oorspronkelijke structuren. Wachtend op jouw unieke touch! Dit ruime appartement is van alle gemakken voorzien, met zijn ruimhartige woonkamer, twee intieme slaapgedeeltes en een compacte keuken, rijk aan ingebouwde apparatuur.
 
Vergeet het niet, de volledig betegelde badkamer en twee balkons - ja, twee! Een op het westen en de andere op het oosten, zorgen voor ontbijt bij zonsopgang en barbecues bij zonsondergang.

Verder biedt de onderbouw opslagruimte en is de woning strategisch geplaatst binnen een omgeving die wemelt van de faciliteiten. Op loopafstand van een winkelcentrum, recreatieve voorzieningen zoals het Doncks Bos, diverse scholen en kinderdagverblijven, en uitvalswegen zoals de A15 en A16. Alles hapklaar aanwezig!

Zie je jezelf al wonen? Wacht, er is nog meer! Het gebouw heeft een afgesloten entree, met brievenbus en bel systeem. En als je binnenstapt? Een gastvrije gang nodigt je uit om je koninkrijk te verkennen.

De ruime woonkamer is van vloer tot plafond bekleed met mooie ramen die een overvloed aan natuurlijk licht binnenlaten! En de voldoende grote slaapkamers? Beveiligd met grote ramen en toegang tot de gezellige balkons. Wat een uitzicht!

De woning heeft een aantal vermeldenswaardige benoemingen: wonen op eigen grond, dubbele beglazing door grote delen van het huis, en een privé CV. Een lage maandelijkse bijdrage aan de VvE van €150,52 per maand dekt jouw belangrijkste behoeften. Praat met de VvE en misschien krijg je zelfs wat ruimte op de tweede verdieping!

Bedenk wel, alleen serieuze gegadigden moeten hun bod op deze woning maken. Elke overeenkomst moet schriftelijk worden vastgelegd om geldig te zijn. 

Zin in een creatieve uitdaging? Proficiat, je hebt de weg naar jouw klusdroom gevonden! Maak van dit huis je droomthuis, je zal er geen spijt van krijgen. Maar wacht niet te lang, er is altijd wel iemand op zoek naar een prachtige kans als deze!",Appartement te koop: Prinses Margrietstraat 6 2983 EH Ridderkerk [funda],225000,Prinses Margrietstraat 6,Ridderkerk,Zuid-Holland,63 m²,,2,tel:0180420707,Meer over Van der Giessen & Van Herk Makelaars,"€ 3.571
    ","
         
             
         
","
     Beschikbaar 
","
     In overleg 
",,Bestaande bouw,1960,Kluswoning,Zadeldak bedekt met pannen,3 kamers (2 slaapkamers),1 badkamer en 1 apart toilet,3 woonlagen,G Wat betekent dit?,"https://cloud.funda.nl/valentina_media/189/044/731_1440.jpg,https://cloud.funda.nl/valentina_media/189/044/805_1440.jpg,https://cloud.funda.nl/valentina_media/189/044/733_1440.jpg,https://cloud.funda.nl/valentina_media/189/044/737_1440.jpg,https://cloud.funda.nl/valentina_media/189/044/736_1440.jpg,https://cloud.funda.nl/valentina_media/189/044/735_1440.jpg,https://cloud.funda.nl/valentina_media/189/044/734_1440.jpg,https://cloud.funda.nl/valentina_media/189/044/744_1440.jpg,https://cloud.funda.nl/valentina_media/189/044/742_1440.jpg,https://cloud.funda.nl/valentina_media/189/044/740_1440.jpg,https://cloud.funda.nl/valentina_media/189/044/739_1440.jpg,https://cloud.funda.nl/valentina_media/189/044/741_1440.jpg,https://cloud.funda.nl/valentina_media/189/044/743_1440.jpg,https://cloud.funda.nl/valentina_media/189/044/745_1440.jpg,https://cloud.funda.nl/valentina_media/189/044/766_1440.jpg,https://cloud.funda.nl/valentina_media/189/044/746_1440.jpg,https://cloud.funda.nl/valentina_media/189/044/747_1440.jpg,https://cloud.funda.nl/valentina_media/189/044/750_1440.jpg,https://cloud.funda.nl/valentina_media/189/044/752_1440.jpg,https://cloud.funda.nl/valentina_media/189/044/751_1440.jpg,https://cloud.funda.nl/valentina_media/189/044/768_1440.jpg,https://cloud.funda.nl/valentina_media/189/044/757_1440.jpg,https://cloud.funda.nl/valentina_media/189/044/754_1440.jpg,https://cloud.funda.nl/valentina_media/189/044/759_1440.jpg,https://cloud.funda.nl/valentina_media/189/044/755_1440.jpg,https://cloud.funda.nl/valentina_media/189/044/767_1440.jpg,https://cloud.funda.nl/valentina_media/189/044/762_1440.jpg,https://cloud.funda.nl/valentina_media/189/044/769_1440.jpg,https://cloud.funda.nl/valentina_media/189/044/760_1440.jpg,https://cloud.funda.nl/valentina_media/189/044/810_1440.jpg,https://cloud.funda.nl/valentina_media/189/044/770_1440.jpg,https://cloud.funda.nl/valentina_media/189/044/761_1440.jpg,https://cloud.funda.nl/valentina_media/189/044/764_1440.jpg,https://cloud.funda.nl/valentina_media/189/044/763_1440.jpg","Ridderkerk/Prinses-Margrietstraat-6/189044731.jpg,Ridderkerk/Prinses-Margrietstraat-6/189044805.jpg,Ridderkerk/Prinses-Margrietstraat-6/189044733.jpg,Ridderkerk/Prinses-Margrietstraat-6/189044737.jpg,Ridderkerk/Prinses-Margrietstraat-6/189044736.jpg,Ridderkerk/Prinses-Margrietstraat-6/189044735.jpg,Ridderkerk/Prinses-Margrietstraat-6/189044734.jpg,Ridderkerk/Prinses-Margrietstraat-6/189044744.jpg,Ridderkerk/Prinses-Margrietstraat-6/189044742.jpg,Ridderkerk/Prinses-Margrietstraat-6/189044740.jpg,Ridderkerk/Prinses-Margrietstraat-6/189044739.jpg,Ridderkerk/Prinses-Margrietstraat-6/189044741.jpg,Ridderkerk/Prinses-Margrietstraat-6/189044743.jpg,Ridderkerk/Prinses-Margrietstraat-6/189044745.jpg,Ridderkerk/Prinses-Margrietstraat-6/189044766.jpg,Ridderkerk/Prinses-Margrietstraat-6/189044746.jpg,Ridderkerk/Prinses-Margrietstraat-6/189044747.jpg,Ridderkerk/Prinses-Margrietstraat-6/189044750.jpg,Ridderkerk/Prinses-Margrietstraat-6/189044752.jpg,Ridderkerk/Prinses-Margrietstraat-6/189044751.jpg,Ridderkerk/Prinses-Margrietstraat-6/189044768.jpg,Ridderkerk/Prinses-Margrietstraat-6/189044757.jpg,Ridderkerk/Prinses-Margrietstraat-6/189044754.jpg,Ridderkerk/Prinses-Margrietstraat-6/189044759.jpg,Ridderkerk/Prinses-Margrietstraat-6/189044755.jpg,Ridderkerk/Prinses-Margrietstraat-6/189044767.jpg,Ridderkerk/Prinses-Margrietstraat-6/189044762.jpg,Ridderkerk/Prinses-Margrietstraat-6/189044769.jpg,Ridderkerk/Prinses-Margrietstraat-6/189044760.jpg,Ridderkerk/Prinses-Margrietstraat-6/189044810.jpg,Ridderkerk/Prinses-Margrietstraat-6/189044770.jpg,Ridderkerk/Prinses-Margrietstraat-6/189044761.jpg,Ridderkerk/Prinses-Margrietstraat-6/189044764.jpg,Ridderkerk/Prinses-Margrietstraat-6/189044763.jpg"
https://www.funda.nl/koop/uithoorn/huis-43556330-potgieterlaan-46/,43556330,Potgieterlaan 46,"Stel je voor: een familiewoning met extravagante breedte van 5,70 meter, hunkerend naar jouw liefdevolle creativiteit voor een geheel nieuwe transformatie. Deze verscholen parel ligt genesteld in de levendige wijk Zijdelwaard in Uithoorn, die alles wat je nodig hebt op wandelafstand biedt. Geanimeerde markten, kinderopvang, scholen, buitengewone horeca-gelegenheden en het strakke libellebos liggen allen aan je voeten. En er is meer, de achtertuin ligt op het zuidwesten - ultieme zonnebaden gegarandeerd!

Een authentieke hal begroet je met een meterkast en toiletruimte, opgetogen om naar je eigen smaak te worden gerenoveerd. De doorzonwoonkamer straalt warm, natuurlijk licht uit waar je zal genieten van een door jou zelf uitgebouwde woonruimte. Scherp je culinaire vaardigheden aan in de aangrenzende semi-open keuken, mits weldra gemoderniseerd naar jouw ideale potten-en-pannenparadijs. 

Verken de intieme sferen van de eerste verdieping waar de overloop je begeleidt naar 3 comfortabele slaapkamers, waarvan een met een eigen exclusief balkon. Stel je voor om onder de sterren te sluimeren met uitzicht op de levendige wijk. De badkamer staat te popelen om opnieuw ontworpen te worden binnen jouw toekomstige woon- en relaxvisie, met douches die dansen op jouw ritme. 

Begeef je naar de ruime zolderkamer op de tweede verdieping, druipend van potentieel, en transformeer deze tot een thuisbioscoop, een naai atelier of wellicht jouw eigen privé gym. De mogelijkheden zijn grenzeloos, en het houdt niet op bij de interne reikwijdte van het huis. 

Werp je blik naar buiten, de achtertuin lonkt. Op het zuidwesten gericht, het gouden licht van het late middagzonnetje liggen maar op een schuifpui verwijderd. De tuin schreeuwt om getransformeerd te worden in jouw eigen persoonlijke oase, compleet met een stenen berging als finishing touch. 

De stedelijke schatten van Amsterdam, Den Haag, Haarlem, Utrecht, het levendige Schiphol en de Bloemenveiling van Aalsmeer liggen allemaal binnen handbereik. Dit huis, gebouwd in 1962, staat sterk met een gebruiksoppervlakte van 130 m² en een perceeloppervlakte van 153 m². Grijp deze unieke kans om je eigen stempel te drukken op dit klusvastgoed juweel, en transformeer het tot het huis van je dromen!
",Huis te koop: Potgieterlaan 46 1422 BA Uithoorn [funda],425000,Potgieterlaan 46,Uithoorn,Noord-Holland,130 m²,153 m²,4,tel:020-6459446,Meer over Ludenhoff makelaars & taxateurs o.g. Amstelveen,"€ 3.269
    ","
         
             
         
","
     Beschikbaar 
","
     In overleg 
","Eengezinswoning, tussenwoning",Bestaande bouw,1962,Kluswoning,Zadeldak bedekt met pannen,5 kamers (4 slaapkamers),1 badkamer en 1 apart toilet,3 woonlagen,C Wat betekent dit?,"https://cloud.funda.nl/valentina_media/189/026/723_1440.jpg,https://cloud.funda.nl/valentina_media/189/026/726_1440.jpg,https://cloud.funda.nl/valentina_media/189/026/727_1440.jpg,https://cloud.funda.nl/valentina_media/189/026/731_1440.jpg,https://cloud.funda.nl/valentina_media/189/026/729_1440.jpg,https://cloud.funda.nl/valentina_media/189/026/728_1440.jpg,https://cloud.funda.nl/valentina_media/189/026/736_1440.jpg,https://cloud.funda.nl/valentina_media/189/026/738_1440.jpg,https://cloud.funda.nl/valentina_media/189/026/734_1440.jpg,https://cloud.funda.nl/valentina_media/189/026/733_1440.jpg,https://cloud.funda.nl/valentina_media/189/026/737_1440.jpg,https://cloud.funda.nl/valentina_media/189/026/732_1440.jpg,https://cloud.funda.nl/valentina_media/189/026/742_1440.jpg,https://cloud.funda.nl/valentina_media/189/026/739_1440.jpg,https://cloud.funda.nl/valentina_media/189/026/740_1440.jpg,https://cloud.funda.nl/valentina_media/189/026/741_1440.jpg,https://cloud.funda.nl/valentina_media/189/026/744_1440.jpg,https://cloud.funda.nl/valentina_media/189/026/745_1440.jpg,https://cloud.funda.nl/valentina_media/189/026/746_1440.jpg,https://cloud.funda.nl/valentina_media/189/026/748_1440.jpg,https://cloud.funda.nl/valentina_media/189/026/749_1440.jpg,https://cloud.funda.nl/valentina_media/189/026/750_1440.jpg,https://cloud.funda.nl/valentina_media/189/026/751_1440.jpg,https://cloud.funda.nl/valentina_media/189/026/753_1440.jpg,https://cloud.funda.nl/valentina_media/189/026/754_1440.jpg,https://cloud.funda.nl/valentina_media/189/026/756_1440.jpg,https://cloud.funda.nl/valentina_media/189/026/758_1440.jpg,https://cloud.funda.nl/valentina_media/189/026/760_1440.jpg,https://cloud.funda.nl/valentina_media/189/026/759_1440.jpg,https://cloud.funda.nl/valentina_media/189/026/761_1440.jpg,https://cloud.funda.nl/valentina_media/189/026/762_1440.jpg,https://cloud.funda.nl/valentina_media/189/026/763_1440.jpg,https://cloud.funda.nl/valentina_media/189/026/764_1440.jpg,https://cloud.funda.nl/valentina_media/189/026/766_1440.jpg,https://cloud.funda.nl/valentina_media/189/026/767_1440.jpg,https://cloud.funda.nl/valentina_media/189/026/770_1440.jpg,https://cloud.funda.nl/valentina_media/189/026/768_1440.jpg,https://cloud.funda.nl/valentina_media/189/026/771_1440.jpg,https://cloud.funda.nl/valentina_media/189/026/775_1440.jpg,https://cloud.funda.nl/valentina_media/189/026/773_1440.jpg,https://cloud.funda.nl/valentina_media/189/026/776_1440.jpg,https://cloud.funda.nl/valentina_media/189/026/778_1440.jpg,https://cloud.funda.nl/valentina_media/189/026/779_1440.jpg","Uithoorn/Potgieterlaan-46/189026723.jpg,Uithoorn/Potgieterlaan-46/189026726.jpg,Uithoorn/Potgieterlaan-46/189026727.jpg,Uithoorn/Potgieterlaan-46/189026731.jpg,Uithoorn/Potgieterlaan-46/189026729.jpg,Uithoorn/Potgieterlaan-46/189026728.jpg,Uithoorn/Potgieterlaan-46/189026736.jpg,Uithoorn/Potgieterlaan-46/189026738.jpg,Uithoorn/Potgieterlaan-46/189026734.jpg,Uithoorn/Potgieterlaan-46/189026733.jpg,Uithoorn/Potgieterlaan-46/189026737.jpg,Uithoorn/Potgieterlaan-46/189026732.jpg,Uithoorn/Potgieterlaan-46/189026742.jpg,Uithoorn/Potgieterlaan-46/189026739.jpg,Uithoorn/Potgieterlaan-46/189026740.jpg,Uithoorn/Potgieterlaan-46/189026741.jpg,Uithoorn/Potgieterlaan-46/189026744.jpg,Uithoorn/Potgieterlaan-46/189026745.jpg,Uithoorn/Potgieterlaan-46/189026746.jpg,Uithoorn/Potgieterlaan-46/189026748.jpg,Uithoorn/Potgieterlaan-46/189026749.jpg,Uithoorn/Potgieterlaan-46/189026750.jpg,Uithoorn/Potgieterlaan-46/189026751.jpg,Uithoorn/Potgieterlaan-46/189026753.jpg,Uithoorn/Potgieterlaan-46/189026754.jpg,Uithoorn/Potgieterlaan-46/189026756.jpg,Uithoorn/Potgieterlaan-46/189026758.jpg,Uithoorn/Potgieterlaan-46/189026760.jpg,Uithoorn/Potgieterlaan-46/189026759.jpg,Uithoorn/Potgieterlaan-46/189026761.jpg,Uithoorn/Potgieterlaan-46/189026762.jpg,Uithoorn/Potgieterlaan-46/189026763.jpg,Uithoorn/Potgieterlaan-46/189026764.jpg,Uithoorn/Potgieterlaan-46/189026766.jpg,Uithoorn/Potgieterlaan-46/189026767.jpg,Uithoorn/Potgieterlaan-46/189026770.jpg,Uithoorn/Potgieterlaan-46/189026768.jpg,Uithoorn/Potgieterlaan-46/189026771.jpg,Uithoorn/Potgieterlaan-46/189026775.jpg,Uithoorn/Potgieterlaan-46/189026773.jpg,Uithoorn/Potgieterlaan-46/189026776.jpg,Uithoorn/Potgieterlaan-46/189026778.jpg,Uithoorn/Potgieterlaan-46/189026779.jpg"